stress	count
1	0.425531914894
2	0.851063829787
3	3.82978723404
4	7.65957446809
5	6.8085106383
6	13.1914893617
7	30.6382978723
8	24.6808510638
9	7.23404255319
10	3.82978723404
