stress	count
1	0
2	0.675675675676
3	3.37837837838
4	5.40540540541
5	11.4864864865
6	16.2162162162
7	27.7027027027
8	22.972972973
9	8.78378378378
10	2.7027027027
