stress	count
1	0
2	1.21951219512
3	3.65853658537
4	4.26829268293
5	7.31707317073
6	13.4146341463
7	25.6097560976
8	32.9268292683
9	7.31707317073
10	3.65853658537
