stress	count
1	0
2	1.53846153846
3	7.69230769231
4	6.15384615385
5	9.23076923077
6	24.6153846154
7	24.6153846154
8	21.5384615385
9	3.07692307692
10	1.53846153846
